City,Country,Latitude,Longitude,Temperature,Wind,Pressure,Humidity,Cloudiness,Date
torbay,CA,47.6666,-52.7314,13.46,6.69,997.0,96.0,90.0,1636901734.0
ternate,ID,0.8,127.4,27.2,2.37,1009.0,78.0,100.0,1636902269.0
new norfolk,AU,-42.7826,147.0587,3.24,0.45,989.0,75.0,99.0,1636902272.0
hilo,US,19.7297,-155.09,22.58,1.54,1013.0,92.0,90.0,1636901510.0
vincennes,FR,48.85,2.4333,12.12,2.24,1020.0,82.0,90.0,1636902090.0
georgetown,MY,5.4112,100.3354,27.57,1.34,1010.0,85.0,20.0,1636901561.0
aquiraz,BR,-3.9014,-38.3911,32.69,6.88,1007.0,57.0,32.0,1636902277.0
port elizabeth,ZA,-33.918,25.5701,21.72,3.87,1018.0,71.0,98.0,1636901979.0
hobart,AU,-42.8794,147.3294,4.56,0.89,986.0,76.0,98.0,1636902152.0
rio rancho,US,35.2334,-106.6645,8.28,1.79,1026.0,50.0,1.0,1636902280.0
berlevag,NO,70.8578,29.0864,-3.11,6.99,1028.0,61.0,99.0,1636902282.0
chuy,UY,-33.6971,-53.4616,24.02,2.89,1012.0,61.0,100.0,1636902283.0
faanui,PF,-16.4833,-151.75,22.97,3.72,1011.0,92.0,100.0,1636901868.0
coquimbo,CL,-29.9533,-71.3436,16.85,6.69,1015.0,67.0,0.0,1636902231.0
lebu,CL,-37.6167,-73.65,13.42,2.23,1019.0,65.0,100.0,1636902287.0
albany,US,42.6001,-73.9662,5.81,1.34,1010.0,75.0,68.0,1636902288.0
nikolskoye,RU,59.7035,30.7861,0.83,2.55,1030.0,87.0,6.0,1636902290.0
dikson,RU,73.5069,80.5464,-18.23,3.56,999.0,96.0,100.0,1636902291.0
piacabucu,BR,-10.4056,-36.4344,30.26,5.64,1011.0,59.0,13.0,1636902292.0
tateyama,JP,34.9833,139.8667,13.01,2.93,1016.0,56.0,100.0,1636902294.0
palmer,US,42.1584,-72.3287,6.6,0.89,1012.0,65.0,75.0,1636902296.0
muros,ES,42.7762,-9.0603,18.77,2.71,1020.0,53.0,6.0,1636901949.0
souillac,MU,-20.5167,57.5167,25.76,5.51,1019.0,69.0,31.0,1636902064.0
bluff,NZ,-46.6,168.3333,10.69,4.7,993.0,84.0,81.0,1636901768.0
arraial do cabo,BR,-22.9661,-42.0278,23.92,6.17,1019.0,50.0,20.0,1636902301.0
tuktoyaktuk,CA,69.4541,-133.0374,-8.0,4.12,1015.0,86.0,90.0,1636901801.0
barrow,US,71.2906,-156.7887,-6.99,6.69,1018.0,79.0,90.0,1636902303.0
vardo,NO,70.3705,31.1107,-3.14,5.75,1027.0,58.0,95.0,1636902185.0
kaitangata,NZ,-46.2817,169.8464,10.17,1.17,993.0,98.0,100.0,1636902306.0
rikitea,PF,-23.1203,-134.9692,22.87,6.6,1016.0,74.0,97.0,1636902127.0
sainte-anne-des-monts,CA,49.124,-66.4924,3.93,3.54,1000.0,91.0,100.0,1636902309.0
ushuaia,AR,-54.8,-68.3,11.81,2.57,982.0,54.0,75.0,1636902310.0
norman wells,CA,65.282,-126.8329,-11.18,3.64,1016.0,93.0,100.0,1636902311.0
port hedland,AU,-20.3167,118.5667,22.03,3.6,1011.0,60.0,0.0,1636902313.0
aklavik,CA,68.2191,-135.0107,-12.54,2.52,1018.0,95.0,100.0,1636901901.0
mataura,NZ,-46.1927,168.8643,8.98,0.9,994.0,100.0,97.0,1636902315.0
segovia,ES,41.1667,-4.0,14.03,4.81,1018.0,39.0,0.0,1636902316.0
ribeira grande,PT,38.5167,-28.7,16.22,9.77,1017.0,77.0,75.0,1636902318.0
bondowoso,ID,-7.9135,113.8214,23.84,1.62,1012.0,94.0,95.0,1636902319.0
pimentel,PE,-6.8367,-79.9342,23.16,6.17,1014.0,56.0,0.0,1636902321.0
saskylakh,RU,71.9167,114.0833,-25.59,3.61,1006.0,93.0,99.0,1636902322.0
rawson,AR,-43.3002,-65.1023,18.65,13.39,1003.0,29.0,87.0,1636902323.0
uppsala,SE,60.0,17.75,2.43,2.57,1034.0,90.0,90.0,1636902325.0
constitucion,CL,-35.3333,-72.4167,16.99,6.75,1017.0,48.0,58.0,1636901856.0
awbari,LY,26.5921,12.7805,26.98,4.64,1012.0,20.0,40.0,1636902327.0
kupang,ID,-10.1667,123.5833,26.53,0.63,1010.0,83.0,100.0,1636902329.0
thompson,CA,55.7435,-97.8558,-7.93,2.02,1017.0,96.0,77.0,1636902066.0
kondinskoye,RU,59.6481,67.41,-11.1,3.6,1014.0,86.0,97.0,1636902331.0
kapaa,US,22.0752,-159.319,21.18,2.57,1012.0,88.0,1.0,1636902333.0
rapid valley,US,44.0625,-103.1463,6.3,1.34,999.0,57.0,90.0,1636902334.0
clyde river,CA,70.4692,-68.5914,-20.02,2.59,1011.0,76.0,2.0,1636902196.0
almaznyy,RU,48.0448,40.045,2.08,2.83,1029.0,69.0,88.0,1636902336.0
hovd,MN,48.0056,91.6419,-1.28,2.63,1017.0,53.0,17.0,1636902060.0
chokurdakh,RU,70.6333,147.9167,-17.73,3.35,1014.0,97.0,100.0,1636902339.0
lavrentiya,RU,65.5833,-171.0,-9.95,2.12,1020.0,96.0,99.0,1636901843.0
bosobolo,CD,4.1833,19.9,28.44,0.94,1007.0,74.0,49.0,1636902341.0
san martin,AR,-33.081,-68.4681,22.31,4.26,1012.0,22.0,0.0,1636902343.0
manzhouli,CN,49.6,117.4333,-4.86,2.56,1021.0,65.0,76.0,1636902345.0
tasiilaq,GL,65.6145,-37.6368,0.09,1.13,966.0,99.0,100.0,1636902347.0
busselton,AU,-33.65,115.3333,15.58,8.77,1012.0,63.0,98.0,1636902348.0
puerto carreno,CO,6.189,-67.4859,31.4,4.64,1011.0,54.0,94.0,1636902349.0
lata,PT,40.1629,-8.3327,20.91,2.01,1018.0,50.0,3.0,1636902351.0
mahebourg,MU,-20.4081,57.7,26.16,5.14,1019.0,73.0,20.0,1636901708.0
bethel,US,41.3712,-73.414,6.94,1.34,1011.0,70.0,1.0,1636902354.0
provideniya,RU,64.3833,-173.3,-5.44,2.66,1019.0,95.0,100.0,1636902356.0
ahipara,NZ,-35.1667,173.1667,16.99,6.03,1008.0,93.0,26.0,1636902357.0
boa esperanca,BR,-21.09,-45.5658,24.63,1.59,1016.0,54.0,72.0,1636902353.0
punta arenas,CL,-53.15,-70.9167,7.06,21.09,984.0,65.0,75.0,1636902360.0
mazagao,BR,-0.115,-51.2894,34.03,2.49,1009.0,39.0,30.0,1636902361.0
mendi,PG,-6.1761,143.6513,13.71,0.92,1013.0,98.0,100.0,1636902362.0
zhuanghe,CN,39.7008,122.9911,5.89,2.46,1020.0,69.0,0.0,1636902364.0
puerto ayora,EC,-0.7393,-90.3518,20.98,3.97,1016.0,77.0,97.0,1636902365.0
kavieng,PG,-2.5744,150.7967,27.93,5.24,1007.0,73.0,100.0,1636902367.0
dingle,PH,10.9995,122.6711,24.63,3.11,1011.0,93.0,72.0,1636902368.0
leningradskiy,RU,69.3833,178.4167,-13.21,4.45,1021.0,95.0,100.0,1636902369.0
port hawkesbury,CA,45.6169,-61.3485,10.23,5.36,996.0,81.0,90.0,1636902371.0
talnakh,RU,69.4865,88.3972,-15.14,1.19,1001.0,98.0,100.0,1636902372.0
gigmoto,PH,13.7796,124.39,26.87,3.11,1011.0,86.0,59.0,1636902126.0
vaini,TO,-21.2,-175.2,20.09,2.06,1012.0,94.0,20.0,1636902375.0
port alfred,ZA,-33.5906,26.891,20.19,3.9,1018.0,71.0,98.0,1636901813.0
atuona,PF,-9.8,-139.0333,25.17,7.13,1012.0,77.0,11.0,1636902377.0
hermanus,ZA,-34.4187,19.2345,26.0,4.18,1016.0,66.0,95.0,1636902379.0
santa rosa,PH,14.3122,121.1114,28.21,3.68,1011.0,77.0,73.0,1636902380.0
shingu,JP,33.7333,135.9833,10.4,3.05,1019.0,80.0,38.0,1636902381.0
vao,NC,-22.6667,167.4833,24.18,3.01,1013.0,82.0,3.0,1636902383.0
japura,ID,-0.3167,102.35,24.42,0.84,1010.0,91.0,79.0,1636902384.0
cape town,ZA,-33.9258,18.4232,23.43,4.89,1016.0,48.0,96.0,1636902385.0
butaritari,KI,3.0707,172.7902,27.54,6.76,1008.0,78.0,23.0,1636902387.0
yellowknife,CA,62.456,-114.3525,-8.91,5.14,1007.0,100.0,90.0,1636902388.0
bredasdorp,ZA,-34.5322,20.0403,25.71,5.41,1016.0,50.0,90.0,1636902390.0
isangel,VU,-19.55,169.2667,24.06,2.97,1012.0,84.0,4.0,1636901929.0
sitka,US,57.0531,-135.33,0.94,2.06,1001.0,86.0,40.0,1636902392.0
carnarvon,AU,-24.8667,113.6333,22.04,6.69,1012.0,73.0,75.0,1636902394.0
kishapu,TZ,-3.6167,33.8667,31.16,7.94,1006.0,25.0,100.0,1636902395.0
yar-sale,RU,66.8333,70.8333,-16.21,4.24,1008.0,87.0,32.0,1636902396.0
olinda,BR,-8.0089,-34.8553,29.85,5.66,1011.0,66.0,40.0,1636902399.0
carutapera,BR,-1.195,-46.02,29.32,3.46,1010.0,70.0,68.0,1636902400.0
sobolevo,RU,54.4299,31.8996,1.67,1.51,1029.0,87.0,100.0,1636902403.0
harlingen,US,26.1906,-97.6961,22.26,3.6,1021.0,83.0,1.0,1636902380.0
hithadhoo,MV,-0.6,73.0833,27.82,3.98,1011.0,75.0,37.0,1636902405.0
cap malheureux,MU,-19.9842,57.6142,25.82,3.13,1019.0,70.0,74.0,1636902407.0
shihezi,CN,44.3,86.0333,0.9,1.59,1021.0,62.0,18.0,1636902408.0
srednekolymsk,RU,67.45,153.6833,-14.76,2.03,1011.0,97.0,100.0,1636901935.0
hualmay,PE,-11.0964,-77.6139,19.93,3.74,1015.0,72.0,31.0,1636901997.0
fairview,US,40.8126,-73.999,6.05,3.09,1014.0,69.0,1.0,1636902073.0
tibati,CM,6.4667,12.6333,30.93,2.06,1007.0,31.0,52.0,1636902414.0
cherskiy,RU,68.75,161.3,-13.69,0.55,1010.0,97.0,97.0,1636902415.0
sao filipe,CV,14.8961,-24.4956,24.63,3.19,1012.0,71.0,96.0,1636902417.0
kenora,CA,49.8167,-94.4337,-5.57,2.57,1015.0,79.0,90.0,1636902418.0
oktyabrskoye,RU,43.0645,44.7417,4.64,2.0,1026.0,81.0,90.0,1636902420.0
jamestown,US,42.097,-79.2353,2.04,2.24,1008.0,82.0,90.0,1636902421.0
vila franca do campo,PT,37.7167,-25.4333,16.78,2.46,1013.0,92.0,100.0,1636901896.0
vaitape,PF,-16.5167,-151.75,22.92,3.79,1011.0,92.0,100.0,1636902424.0
dunedin,NZ,-45.8742,170.5036,12.67,1.34,1024.0,66.0,100.0,1636902425.0
ilulissat,GL,69.2167,-51.1,-12.99,5.14,1002.0,72.0,20.0,1636902426.0
boundiali,CI,9.5217,-6.4869,33.3,1.26,1009.0,21.0,40.0,1636902428.0
sampit,ID,-2.5333,112.95,23.53,0.8,1010.0,99.0,100.0,1636902429.0
kruisfontein,ZA,-34.0033,24.7314,20.49,4.76,1017.0,58.0,88.0,1636902430.0
geraldton,AU,-28.7667,114.6,16.23,2.57,1013.0,88.0,7.0,1636902432.0
san jose,US,37.3394,-121.895,12.16,1.54,1020.0,74.0,75.0,1636902434.0
babanka,UA,48.7097,30.4483,6.85,2.25,1026.0,57.0,96.0,1636902436.0
mayfield,US,36.7417,-88.6367,6.37,5.44,1016.0,73.0,75.0,1636902438.0
kupino,RU,54.3663,77.2981,-2.55,4.8,1006.0,96.0,100.0,1636902440.0
rundu,NA,-17.9333,19.7667,33.36,1.25,1006.0,22.0,96.0,1636902441.0
bengkulu,ID,-3.8004,102.2655,24.63,1.46,1012.0,89.0,100.0,1636902443.0
yambio,SS,4.5721,28.3955,22.5,1.22,1008.0,90.0,96.0,1636902444.0
portland,US,45.5234,-122.6762,15.48,1.34,1019.0,91.0,100.0,1636902001.0
zaranj,AF,30.9667,61.8833,17.98,7.92,1021.0,31.0,0.0,1636901874.0
port lincoln,AU,-34.7333,135.8667,12.33,6.67,1018.0,68.0,90.0,1636902000.0
dwarka,IN,22.2394,68.9678,26.38,3.17,1011.0,50.0,0.0,1636902148.0
harper,LR,4.375,-7.7169,28.32,2.93,1010.0,72.0,95.0,1636902064.0
touros,BR,-5.1989,-35.4608,31.5,7.12,1010.0,55.0,1.0,1636901989.0
deer lake,CA,49.1667,-57.4316,3.92,7.2,998.0,93.0,90.0,1636902337.0
fuerte olimpo,PY,-21.0415,-57.8738,34.76,3.61,1008.0,43.0,95.0,1636902454.0
khatanga,RU,71.9667,102.5,-22.2,1.99,1001.0,93.0,100.0,1636902457.0
victoria,HK,22.2855,114.1577,21.38,0.89,1019.0,68.0,30.0,1636901710.0
airai,TL,-8.9266,125.4092,16.52,0.36,1012.0,92.0,99.0,1636902460.0
gamba,GA,-2.65,10.0,24.52,1.61,1010.0,87.0,100.0,1636902461.0
narsaq,GL,60.9167,-46.05,-10.88,1.74,992.0,78.0,3.0,1636902462.0
canutama,BR,-6.5339,-64.3831,28.83,0.43,1011.0,78.0,86.0,1636902465.0
qaqortoq,GL,60.7167,-46.0333,-10.72,1.4,992.0,67.0,0.0,1636902466.0
saint-pierre,RE,-21.3393,55.4781,26.37,4.12,1017.0,69.0,0.0,1636902469.0
qandala,SO,11.472,49.8728,26.62,3.49,1014.0,68.0,52.0,1636902471.0
pangnirtung,CA,66.1451,-65.7125,-18.77,2.6,1014.0,80.0,20.0,1636902473.0
lagoa,PT,39.05,-27.9833,16.94,16.61,1016.0,80.0,100.0,1636902474.0
cidreira,BR,-30.1811,-50.2056,22.45,7.95,1016.0,61.0,3.0,1636902475.0
san miguel,SV,13.4833,-88.1833,26.3,1.33,1015.0,68.0,55.0,1636902477.0
kashan,IR,33.9831,51.4364,14.83,1.87,1024.0,46.0,45.0,1636902478.0
hirara,JP,24.8,125.2833,22.21,9.31,1018.0,70.0,95.0,1636902482.0
cabedelo,BR,-6.9811,-34.8339,29.74,6.01,1011.0,60.0,8.0,1636902483.0
kendrapara,IN,20.5042,86.416,24.23,2.8,1012.0,91.0,55.0,1636902485.0
qaanaaq,GL,77.484,-69.3632,-24.54,3.82,1007.0,55.0,0.0,1636902486.0
bathsheba,BB,13.2167,-59.5167,30.34,9.26,1014.0,66.0,40.0,1636902487.0
cedral,MX,23.8,-100.7333,13.04,0.54,1024.0,77.0,12.0,1636902489.0
ponta do sol,PT,32.6667,-17.1,20.62,1.54,1018.0,64.0,21.0,1636902490.0
la ronge,CA,55.1001,-105.2842,-0.8,1.11,1011.0,85.0,100.0,1636902492.0
great falls,US,47.5002,-111.3008,11.28,1.79,1011.0,60.0,20.0,1636902340.0
chimbote,PE,-9.0853,-78.5783,19.21,3.15,1015.0,76.0,31.0,1636902495.0
freeport,US,40.6576,-73.5832,7.1,1.79,1014.0,62.0,1.0,1636902230.0
safaga,EG,26.7292,33.9365,24.24,3.7,1013.0,63.0,0.0,1636902498.0
vestmannaeyjar,IS,63.4427,-20.2734,5.55,12.86,992.0,70.0,20.0,1636902499.0
luganville,VU,-15.5333,167.1667,26.1,2.46,1010.0,84.0,100.0,1636902500.0
yulara,AU,-25.2406,130.9889,18.91,2.57,1018.0,32.0,0.0,1636901996.0
kananga,CD,-5.8958,22.4178,22.34,0.38,1009.0,89.0,97.0,1636902503.0
fortuna,US,40.5982,-124.1573,9.76,0.45,1022.0,96.0,90.0,1636902033.0
kalabo,ZM,-14.97,22.6814,27.7,2.83,1007.0,45.0,92.0,1636902508.0
benton harbor,US,42.1167,-86.4542,1.51,5.66,1003.0,91.0,90.0,1636902341.0
cabo san lucas,MX,22.8909,-109.9124,24.66,1.54,1013.0,71.0,1.0,1636902290.0
dakar,SN,14.6937,-17.4441,31.49,4.78,1011.0,71.0,100.0,1636902511.0
viedma,AR,-40.8135,-62.9967,20.61,6.2,1007.0,27.0,0.0,1636902162.0
upernavik,GL,72.7868,-56.1549,-17.79,2.98,1004.0,82.0,3.0,1636902514.0
narovchat,RU,53.8765,43.6946,0.21,1.56,1027.0,78.0,100.0,1636902515.0
cayenne,GF,4.9333,-52.3333,28.38,0.45,1012.0,75.0,75.0,1636902517.0
anqing,CN,30.5092,117.0506,13.75,0.29,1021.0,44.0,31.0,1636902380.0
alice springs,AU,-23.7,133.8833,14.75,2.06,1018.0,67.0,3.0,1636902521.0
loukhi,RU,66.0764,33.0381,-2.41,3.02,1027.0,97.0,100.0,1636902522.0
bourail,NC,-21.5667,165.4833,25.49,1.36,1012.0,78.0,92.0,1636902523.0
tuatapere,NZ,-46.1333,167.6833,9.41,1.8,994.0,93.0,100.0,1636902525.0
tiksi,RU,71.6872,128.8694,-25.51,3.11,1013.0,98.0,84.0,1636902526.0
leshukonskoye,RU,64.8989,45.7622,-3.48,3.56,1016.0,89.0,100.0,1636902528.0
castro,BR,-24.7911,-50.0119,22.09,1.32,1016.0,46.0,0.0,1636902530.0
sagar,IN,23.8333,78.7167,18.33,2.17,1013.0,42.0,0.0,1636902522.0
nizhnyaya poyma,RU,56.1622,97.1933,-0.37,2.77,1013.0,88.0,100.0,1636902532.0
kodiak,US,57.79,-152.4072,-1.27,7.2,1011.0,64.0,1.0,1636902534.0
asfi,MA,32.2994,-9.2372,19.19,4.69,1015.0,66.0,0.0,1636902535.0
meulaboh,ID,4.1363,96.1285,25.51,1.24,1011.0,85.0,86.0,1636902536.0
kapuskasing,CA,49.4169,-82.4331,-1.63,3.19,1004.0,84.0,98.0,1636902361.0
mahenge,TZ,-8.6833,36.7167,29.13,3.34,1009.0,28.0,24.0,1636902540.0
jiwani,PK,25.05,61.7417,26.25,0.86,1014.0,57.0,0.0,1636902541.0
kurmanayevka,RU,52.5093,52.0675,-6.71,2.36,1027.0,94.0,49.0,1636902543.0
boa vista,BR,2.8197,-60.6733,31.99,8.23,1012.0,48.0,40.0,1636902544.0
yumen,CN,40.2833,97.2,-0.08,1.74,1022.0,31.0,0.0,1636902545.0
east london,ZA,-33.0153,27.9116,20.67,2.93,1019.0,68.0,71.0,1636902412.0
faya,SA,18.3851,42.4509,17.29,3.1,1016.0,49.0,2.0,1636902548.0
saldanha,ZA,-33.0117,17.9442,19.43,7.38,1015.0,71.0,99.0,1636902549.0
la paz,BO,-16.5,-68.15,14.74,1.47,1012.0,43.0,44.0,1636902300.0
luderitz,NA,-26.6481,15.1594,27.26,11.25,1008.0,45.0,0.0,1636902552.0
bokoro,TD,12.3807,17.0568,38.24,2.95,1005.0,14.0,67.0,1636902553.0
pano aqil,PK,27.8569,69.1116,19.94,2.75,1011.0,13.0,0.0,1636902555.0
bambous virieux,MU,-20.3428,57.7575,25.68,6.0,1019.0,66.0,90.0,1636902556.0
tura,IN,25.5198,90.2201,16.49,1.28,1013.0,86.0,1.0,1636902558.0
manta,EC,-0.95,-80.7333,24.08,2.67,1014.0,72.0,71.0,1636902120.0
orchard homes,US,46.8633,-114.0484,4.08,1.54,1016.0,93.0,90.0,1636902561.0
masunga,BW,-20.6246,27.4488,31.95,5.66,1008.0,20.0,64.0,1636902562.0
pacific grove,US,36.6177,-121.9166,13.45,0.45,1019.0,55.0,1.0,1636902564.0
portree,GB,57.4129,-6.1942,11.96,5.35,1019.0,97.0,100.0,1636902565.0
severo-kurilsk,RU,50.6789,156.125,2.93,3.83,1013.0,72.0,68.0,1636902566.0
batie,BF,9.8833,-2.9167,36.66,1.23,1007.0,26.0,72.0,1636902569.0
arbagar,RU,51.9438,116.2805,-4.96,2.1,1019.0,65.0,100.0,1636902570.0
rio verde de mato grosso,BR,-18.9181,-54.8442,29.39,2.84,1011.0,62.0,100.0,1636902572.0
pinheiro,BR,-2.5214,-45.0825,31.09,1.86,1009.0,62.0,53.0,1636902285.0
juba,SS,4.8517,31.5825,30.27,0.95,1005.0,44.0,89.0,1636902577.0
ejea de los caballeros,ES,42.1263,-1.1372,15.44,10.64,1016.0,67.0,46.0,1636902578.0
olovyannaya,RU,50.95,115.5667,-4.32,2.45,1020.0,60.0,100.0,1636902579.0
chornukhy,UA,50.2673,32.942,4.56,2.28,1028.0,66.0,91.0,1636902581.0
atar,MR,20.5169,-13.0499,32.29,3.78,1011.0,22.0,51.0,1636902090.0
poum,NC,-20.2333,164.0167,26.1,2.47,1012.0,79.0,39.0,1636902584.0
biu,NG,10.6129,12.1946,34.25,2.85,1006.0,12.0,64.0,1636902586.0
baykit,RU,61.67,96.37,-8.67,1.2,1007.0,97.0,100.0,1636902587.0
huarmey,PE,-10.0681,-78.1522,20.06,3.81,1015.0,75.0,6.0,1636902588.0
lakes entrance,AU,-37.8811,147.981,10.65,10.75,999.0,67.0,46.0,1636902590.0
guerrero negro,MX,27.9769,-114.0611,20.17,1.49,1017.0,52.0,0.0,1636902591.0
jiangyou,CN,31.7667,104.7167,10.35,1.41,1023.0,72.0,0.0,1636902592.0
santiago del estero,AR,-27.7951,-64.2615,20.66,4.03,1015.0,74.0,100.0,1636902594.0
jinchang,CN,38.4953,102.1739,2.68,2.91,1023.0,35.0,5.0,1636902595.0
zhigansk,RU,66.7697,123.3711,-30.59,3.42,1016.0,99.0,84.0,1636902596.0
nizhniy tagil,RU,57.9194,59.965,-11.38,1.81,1020.0,91.0,56.0,1636902599.0
muisne,EC,0.6,-80.0333,27.06,3.39,1013.0,79.0,100.0,1636902600.0
kerchevskiy,RU,59.946,56.2884,-10.23,1.86,1022.0,97.0,92.0,1636902602.0
avarua,CK,-21.2078,-159.775,21.03,1.54,1008.0,100.0,20.0,1636902603.0
bria,CF,6.5423,21.9863,26.42,2.52,1007.0,73.0,73.0,1636902605.0
maua,BR,-23.6678,-46.4614,21.76,2.43,1016.0,53.0,27.0,1636902056.0
grindavik,IS,63.8424,-22.4338,4.26,14.4,987.0,70.0,75.0,1636902607.0
college,US,64.8569,-147.8028,-22.01,0.0,1020.0,76.0,90.0,1636902609.0
saint anthony,US,45.0205,-93.218,-1.42,2.24,1014.0,79.0,90.0,1636902610.0
dondo,MZ,-19.6094,34.7431,28.64,5.54,1012.0,66.0,46.0,1636902489.0
half moon bay,US,37.4636,-122.4286,12.81,0.0,1021.0,93.0,1.0,1636902612.0
khanpur,PK,28.6453,70.6567,23.88,4.37,1010.0,11.0,0.0,1636902614.0
syracuse,IT,37.0881,15.2792,18.4,3.63,1015.0,70.0,100.0,1636902615.0
djibo,BF,14.1022,-1.6306,36.4,3.52,1008.0,8.0,5.0,1636902617.0
bonwapitse,BW,-23.0766,26.7037,36.18,2.88,1007.0,13.0,59.0,1636902618.0
port moresby,PG,-9.4431,147.1797,25.59,3.22,1007.0,90.0,93.0,1636902619.0
ponta delgada,PT,37.7333,-25.6667,16.4,7.2,1013.0,82.0,20.0,1636902621.0
sechura,PE,-5.5569,-80.8222,21.77,3.18,1014.0,62.0,31.0,1636902624.0
aboso,GH,5.3617,-1.9473,32.61,2.36,1008.0,50.0,30.0,1636902626.0
dahuk,IQ,36.8695,42.994,15.93,1.43,1020.0,36.0,100.0,1636902522.0
coahuayana,MX,18.7333,-103.6833,25.71,1.42,1015.0,50.0,10.0,1636902628.0
kijang,KR,35.2442,129.2139,12.86,2.13,1019.0,62.0,0.0,1636902631.0
honavar,IN,14.2833,74.45,25.71,1.93,1008.0,91.0,100.0,1636902632.0
maragogi,BR,-9.0122,-35.2225,29.64,5.4,1011.0,63.0,11.0,1636902387.0
sibolga,ID,1.7427,98.7792,25.21,1.21,1012.0,81.0,100.0,1636902635.0
codrington,AU,-38.2667,141.9667,9.28,11.96,1007.0,73.0,97.0,1636902636.0
san quintin,MX,30.4833,-115.95,20.2,1.02,1018.0,38.0,0.0,1636902637.0
acapulco,MX,16.8634,-99.8901,25.9,2.57,1014.0,61.0,1.0,1636902381.0
ancud,CL,-41.8697,-73.8203,14.68,5.77,1013.0,78.0,96.0,1636902119.0
esperance,AU,-33.8667,121.9,13.01,8.37,1020.0,71.0,95.0,1636902641.0
samarai,PG,-10.6167,150.6667,27.81,4.79,1007.0,82.0,55.0,1636902642.0
hasaki,JP,35.7333,140.8333,9.22,3.4,1016.0,57.0,74.0,1636902644.0
bermeo,ES,43.4209,-2.7215,13.62,5.57,1021.0,82.0,100.0,1636902645.0
kristiansund,NO,63.1115,7.732,5.36,2.06,1025.0,60.0,0.0,1636902646.0
mazamari,PE,-11.3258,-74.5308,28.61,0.61,1012.0,67.0,78.0,1636902648.0
zhezkazgan,KZ,47.8043,67.7144,-2.13,7.75,1017.0,83.0,60.0,1636902649.0
zyryanka,RU,65.75,150.85,-17.15,3.41,1013.0,96.0,100.0,1636902650.0
altay,CN,47.8667,88.1167,-0.26,2.25,1023.0,77.0,100.0,1636902652.0
bubaque,GW,11.2833,-15.8333,28.92,4.02,1009.0,57.0,99.0,1636902132.0
tonantins,BR,-2.8731,-67.8022,31.82,0.42,1010.0,57.0,81.0,1636902654.0
jati,PK,24.3539,68.2671,26.34,3.58,1011.0,37.0,0.0,1636902656.0
atasu,KZ,48.6814,71.6433,-1.07,7.98,1014.0,90.0,100.0,1636902657.0
buala,SB,-8.145,159.5921,26.78,2.73,1008.0,83.0,81.0,1636902660.0
san patricio,US,28.017,-97.5169,19.92,3.62,1021.0,60.0,0.0,1636902661.0
ballina,AU,-28.8667,153.5667,14.97,3.92,1010.0,64.0,0.0,1636902490.0
mar del plata,AR,-38.0023,-57.5575,24.49,2.68,1009.0,60.0,0.0,1636902568.0
ocos,GT,14.5094,-92.1933,28.26,1.64,1013.0,65.0,14.0,1636902665.0
tabas,IR,33.5959,56.9244,14.93,3.22,1024.0,35.0,14.0,1636902666.0
oistins,BB,13.0667,-59.5333,30.05,9.26,1014.0,66.0,40.0,1636902667.0
klaksvik,FO,62.2266,-6.589,10.51,13.62,1009.0,85.0,100.0,1636902669.0
chakulia,IN,22.4833,86.7167,20.55,0.25,1012.0,87.0,92.0,1636902670.0
roald,NO,62.5833,6.1333,7.66,2.57,1025.0,71.0,0.0,1636902673.0
ayagoz,KZ,47.9714,80.4392,1.52,8.33,1019.0,94.0,100.0,1636902674.0
tual,ID,-5.6667,132.75,27.82,0.79,1008.0,75.0,99.0,1636902675.0
adre,TD,13.4667,22.2,33.0,1.97,1008.0,15.0,2.0,1636902677.0
kamenka,RU,51.3223,42.7678,2.84,2.03,1029.0,68.0,100.0,1636902678.0
chhatak,BD,25.0333,91.6667,19.47,0.83,1013.0,85.0,8.0,1636902679.0
zalantun,CN,48.0,122.7167,-5.75,2.41,1021.0,72.0,0.0,1636902682.0
moreira sales,BR,-24.0622,-53.0069,26.8,4.38,1014.0,42.0,100.0,1636902683.0
hurghada,EG,27.2574,33.8129,23.96,3.01,1013.0,57.0,0.0,1636902685.0
morshansk,RU,53.4435,41.8107,2.19,1.62,1028.0,81.0,100.0,1636902686.0
okhotsk,RU,59.3833,143.3,-4.67,2.01,1000.0,95.0,100.0,1636902687.0
voru,EE,57.8339,27.0194,1.11,1.89,1032.0,94.0,7.0,1636902689.0
katsuura,JP,35.1333,140.3,13.06,2.81,1016.0,59.0,98.0,1636902690.0
richards bay,ZA,-28.783,32.0377,22.79,4.35,1018.0,76.0,100.0,1636902691.0
paraisopolis,BR,-22.5542,-45.78,26.69,1.84,1016.0,48.0,27.0,1636902684.0
caravelas,BR,-17.7125,-39.2481,24.73,5.73,1017.0,58.0,99.0,1636902105.0
broome,US,42.2506,-75.833,4.38,0.89,996.0,71.0,90.0,1636902696.0
abha,SA,18.2164,42.5053,17.05,2.52,1016.0,53.0,4.0,1636902138.0
fort nelson,CA,58.8053,-122.7002,-16.1,0.91,1012.0,98.0,100.0,1636902699.0
te anau,NZ,-45.4167,167.7167,6.75,1.19,995.0,93.0,86.0,1636902700.0
campos belos,BR,-13.0367,-46.7717,25.01,2.98,1012.0,73.0,100.0,1636902702.0
axim,GH,4.8699,-2.2405,28.98,4.53,1009.0,71.0,13.0,1636902703.0
townsville,AU,-19.25,146.8,23.49,2.57,1011.0,78.0,75.0,1636902704.0
iracoubo,GF,5.4802,-53.2011,28.85,3.44,1011.0,69.0,65.0,1636902706.0
aksu,CN,41.1231,80.2644,3.81,1.84,1021.0,36.0,100.0,1636902707.0
nouadhibou,MR,20.931,-17.0347,20.68,5.7,1012.0,75.0,11.0,1636902708.0
charters towers,AU,-20.1,146.2667,22.16,0.87,1012.0,68.0,0.0,1636902711.0
hambantota,LK,6.1241,81.1185,27.19,6.6,1011.0,77.0,87.0,1636902712.0
nicoya,CR,10.1483,-85.452,27.75,3.1,1013.0,74.0,1.0,1636902714.0
katwijk,NL,52.1942,4.4222,10.44,4.55,1024.0,89.0,57.0,1636902715.0
chitrakonda,IN,18.1167,82.0833,22.32,1.37,1011.0,95.0,79.0,1636902717.0
port macquarie,AU,-31.4333,152.9167,12.16,3.09,1009.0,70.0,1.0,1636902718.0
les escoumins,CA,48.1111,-69.0236,1.62,4.37,1003.0,87.0,100.0,1636902719.0
olafsvik,IS,64.8945,-23.7142,3.82,16.11,984.0,68.0,63.0,1636902722.0
nanortalik,GL,60.1432,-45.2371,-6.63,13.23,992.0,58.0,0.0,1636902723.0
alofi,NU,-19.0595,-169.9187,24.6,6.44,1011.0,80.0,82.0,1636902725.0
amantea,IT,39.1332,16.0746,18.26,0.21,1015.0,68.0,56.0,1636902726.0
saint-ambroise,CA,48.5501,-71.3324,3.27,3.63,1004.0,78.0,100.0,1636902727.0
mayskiy,RU,47.6931,40.1025,2.67,3.02,1029.0,64.0,91.0,1636902729.0
maldonado,UY,-34.6667,-54.9167,21.66,5.59,1012.0,69.0,100.0,1636902730.0
lorengau,PG,-2.0226,147.2712,27.22,4.34,1007.0,78.0,100.0,1636902733.0
port-gentil,GA,-0.7193,8.7815,24.67,2.19,1010.0,84.0,100.0,1636902734.0
longyearbyen,SJ,78.2186,15.6401,-9.09,5.14,1025.0,62.0,75.0,1636902735.0
marevo,RU,57.3146,32.0804,2.68,3.42,1029.0,85.0,100.0,1636902737.0
ronne,DK,55.1009,14.7066,7.95,5.14,1029.0,81.0,90.0,1636902738.0
pedasi,PA,7.5333,-80.0333,27.24,2.55,1013.0,71.0,37.0,1636902740.0
toguchin,RU,55.2353,84.3858,-1.54,5.57,1008.0,86.0,100.0,1636902742.0
teguise,ES,29.0605,-13.564,19.12,5.14,1016.0,73.0,40.0,1636902743.0
ustka,PL,54.5805,16.8619,8.23,6.79,1028.0,77.0,99.0,1636902745.0
uruzgan,AF,32.8333,66.0,8.59,0.99,1018.0,27.0,0.0,1636902611.0
quelimane,MZ,-17.8786,36.8883,29.17,5.13,1010.0,65.0,85.0,1636902747.0
emba,KZ,48.8264,58.1442,-1.52,5.89,1024.0,90.0,98.0,1636902749.0
karoi,ZW,-16.8099,29.6925,30.54,3.27,1008.0,30.0,47.0,1636902750.0
inhambane,MZ,-23.865,35.3833,26.06,5.25,1014.0,75.0,43.0,1636902752.0
santa cruz cabralia,BR,-16.2781,-39.0247,21.13,2.06,1017.0,94.0,75.0,1636902651.0
kjollefjord,NO,70.9457,27.3465,-0.97,7.46,1029.0,64.0,100.0,1636902755.0
vanavara,RU,60.34,102.2797,-9.07,2.4,1011.0,97.0,99.0,1636902757.0
tezu,IN,27.9167,96.1667,17.43,1.88,1014.0,51.0,0.0,1636902758.0
guider,CM,9.9342,13.9486,37.22,2.57,1005.0,12.0,99.0,1636902760.0
baraki barak,AF,33.9675,68.9486,8.0,1.44,1018.0,22.0,0.0,1636902761.0
goderich,CA,43.7501,-81.7165,2.46,8.85,1007.0,93.0,100.0,1636902763.0
linxia,CN,35.6003,103.2064,0.96,0.88,1024.0,45.0,1.0,1636902764.0
north bend,US,43.4065,-124.2243,14.04,2.06,1023.0,100.0,90.0,1636902765.0
cabuyaro,CO,4.2817,-72.794,30.2,3.68,1011.0,58.0,73.0,1636902767.0
kenai,US,60.5544,-151.2583,-18.97,2.06,1012.0,84.0,20.0,1636902768.0
great yarmouth,GB,52.6083,1.7305,11.71,3.93,1025.0,83.0,93.0,1636902769.0
bilibino,RU,68.0546,166.4372,-16.55,2.06,1014.0,97.0,98.0,1636902771.0
praia,CV,14.9215,-23.5087,28.3,5.66,1012.0,54.0,20.0,1636902772.0
minas,UY,-34.3759,-55.2377,20.85,5.69,1012.0,73.0,100.0,1636902746.0
ginda,IN,30.6945,78.4932,9.1,2.39,1016.0,53.0,0.0,1636902775.0
lompoc,US,34.6391,-120.4579,14.07,4.63,1019.0,54.0,1.0,1636902776.0
pleasanton,US,37.6624,-121.8747,11.33,0.0,1022.0,89.0,90.0,1636902516.0
sao jose da coroa grande,BR,-8.8978,-35.1478,29.74,5.32,1011.0,62.0,8.0,1636902779.0
coihaique,CL,-45.5752,-72.0662,7.97,3.09,1003.0,66.0,75.0,1636902780.0
epe,NG,6.5841,3.9834,29.89,3.83,1008.0,68.0,56.0,1636902781.0
itanhem,BR,-17.1664,-40.33,20.37,2.8,1018.0,88.0,100.0,1636902783.0
vitim,RU,59.4511,112.5578,-5.14,3.01,1014.0,94.0,100.0,1636902784.0
bom jesus,BR,-9.0744,-44.3586,32.7,3.93,1009.0,43.0,91.0,1636902786.0
xining,CN,36.6167,101.7667,-1.28,1.03,1024.0,50.0,99.0,1636902532.0
ratnagiri,IN,16.9833,73.3,27.68,3.91,1008.0,80.0,100.0,1636902543.0
camacha,PT,33.0833,-16.3333,19.68,4.63,1018.0,60.0,20.0,1636902789.0
fare,PF,-16.7,-151.0167,24.13,1.77,1011.0,79.0,100.0,1636902791.0
wiesmoor,DE,53.4167,7.7333,8.63,3.6,1026.0,87.0,75.0,1636902792.0
hofn,IS,64.2539,-15.2082,6.01,12.86,993.0,81.0,20.0,1636902793.0
vostok,RU,46.4856,135.8833,-7.66,2.41,1015.0,97.0,57.0,1636902795.0
luocheng,CN,29.3848,104.0286,12.5,0.77,1023.0,71.0,90.0,1636902797.0
salym,RU,60.0625,71.4789,-11.37,3.49,1012.0,75.0,100.0,1636902800.0
porto tolle,IT,44.9497,12.3245,14.94,6.55,1016.0,80.0,100.0,1636902801.0
rock springs,US,41.5875,-109.2029,5.45,4.92,1033.0,70.0,1.0,1636902803.0
mayna,RU,54.1135,47.6231,-2.81,0.7,1028.0,88.0,100.0,1636902804.0
fairbanks,US,64.8378,-147.7164,-22.27,0.0,1019.0,73.0,90.0,1636902777.0
kavaratti,IN,10.5669,72.642,26.11,7.43,1010.0,86.0,100.0,1636902807.0
shymkent,KZ,42.3,69.6,7.33,9.0,1025.0,66.0,75.0,1636902808.0
aloleng,PH,16.1307,119.7824,27.44,2.39,1010.0,82.0,17.0,1636902809.0
terney,RU,45.0503,136.6092,0.05,4.38,1013.0,78.0,9.0,1636902811.0
beloha,MG,-25.1667,45.05,24.97,5.85,1016.0,70.0,53.0,1636902813.0
kiama,AU,-34.6833,150.8667,13.57,6.71,1005.0,59.0,1.0,1636902815.0
talcahuano,CL,-36.7167,-73.1167,14.82,7.2,1019.0,58.0,0.0,1636902816.0
cairns,AU,-16.9167,145.7667,26.07,3.09,1009.0,78.0,100.0,1636902817.0
sumter,US,28.7086,-82.0831,14.79,2.78,1020.0,74.0,3.0,1636902819.0
ust-tsilma,RU,65.441,52.1498,-5.03,4.12,1012.0,94.0,100.0,1636902820.0
hauterive,FR,46.0901,3.4459,9.5,2.64,1018.0,90.0,100.0,1636902821.0
erenhot,CN,43.6475,111.9767,-5.42,1.46,1027.0,86.0,6.0,1636902754.0
cua,VE,10.1589,-66.8858,29.5,1.71,1014.0,49.0,25.0,1636902824.0
maine-soroa,NE,13.2114,12.0241,35.8,6.72,1007.0,11.0,51.0,1636902825.0
punto fijo,VE,11.6956,-70.1996,29.15,7.4,1012.0,63.0,31.0,1636902827.0
rudbar,AF,30.15,62.6,16.08,4.74,1020.0,30.0,0.0,1636902828.0
mlowo,TZ,-9.0,32.9833,25.68,3.02,1009.0,35.0,97.0,1636902830.0
lavumisa,SZ,-27.31,31.892,23.7,4.18,1017.0,65.0,97.0,1636902832.0
farah,AF,32.5,62.5,12.13,2.16,1020.0,35.0,1.0,1636902834.0
igarka,RU,67.4667,86.5833,-17.88,3.34,1003.0,97.0,99.0,1636902835.0
tikapur,NP,28.5,81.1333,16.69,1.54,1012.0,76.0,0.0,1636902836.0
saint-philippe,RE,-21.3585,55.7679,25.79,5.73,1020.0,78.0,22.0,1636902838.0
almeria,ES,37.1667,-2.3333,15.6,1.02,1014.0,40.0,0.0,1636902555.0
kemin,KG,42.7846,75.6892,3.72,1.44,1023.0,79.0,100.0,1636902840.0
ituverava,BR,-20.3394,-47.7806,29.89,1.4,1013.0,40.0,82.0,1636902689.0
dapaong,TG,10.8639,0.205,35.84,1.48,1007.0,20.0,90.0,1636902843.0
pulsano,IT,40.3821,17.3564,18.44,1.79,1009.0,80.0,50.0,1636902844.0
hay river,CA,60.8156,-115.7999,-10.29,3.25,1012.0,92.0,91.0,1636902846.0
port hardy,CA,50.6996,-127.4199,8.24,2.25,1009.0,87.0,100.0,1636902847.0
espanola,US,35.9911,-106.0806,8.38,1.83,1025.0,37.0,80.0,1636902717.0
champerico,GT,14.3,-91.9167,30.02,0.7,1013.0,68.0,3.0,1636902850.0
markova,UA,48.6758,24.4138,4.33,0.23,1024.0,72.0,98.0,1636902851.0
salalah,OM,17.0151,54.0924,27.05,1.54,1014.0,74.0,0.0,1636902853.0
payson,US,40.0444,-111.7321,5.36,1.54,1029.0,79.0,1.0,1636902854.0
cockburn town,TC,21.4612,-71.1419,27.63,5.18,1017.0,72.0,83.0,1636902855.0
kolondieba,ML,11.0882,-6.8926,35.66,3.2,1008.0,14.0,23.0,1636902857.0
port-cartier,CA,50.0334,-66.8654,2.08,2.24,1002.0,97.0,100.0,1636902677.0
karratha,AU,-20.7377,116.8463,26.03,3.51,1011.0,41.0,5.0,1636902859.0
pevek,RU,69.7008,170.3133,-9.56,1.0,1014.0,95.0,100.0,1636902861.0
estrela,BR,-28.0611,-50.9383,24.77,0.61,1015.0,36.0,42.0,1636902863.0
hatillo,PR,18.4863,-66.8254,30.26,3.58,1016.0,69.0,8.0,1636902865.0
belmonte,BR,-15.8631,-38.8828,21.28,6.4,1015.0,83.0,100.0,1636902866.0
baijiantan,CN,45.6333,85.1833,1.04,1.24,1022.0,67.0,97.0,1636902867.0
bejucal,CU,22.9286,-82.3886,23.57,3.6,1018.0,100.0,75.0,1636902869.0
rio grande,BR,-32.035,-52.0986,28.06,5.44,1013.0,65.0,100.0,1636902870.0
machico,PT,32.7,-16.7667,22.22,5.66,1018.0,60.0,20.0,1636902872.0
enshi,CN,30.3,109.4833,10.96,0.49,1022.0,71.0,94.0,1636902873.0
ushtobe,KZ,45.2514,77.9838,7.37,4.11,1021.0,52.0,100.0,1636902875.0
raga,SS,8.4596,25.678,35.46,2.3,1005.0,20.0,57.0,1636902876.0
pisco,PE,-13.7,-76.2167,18.03,2.06,1015.0,82.0,90.0,1636902877.0
kenitra,MA,34.261,-6.5802,19.42,4.86,1014.0,39.0,1.0,1636902879.0
elat,IL,29.5581,34.9482,24.78,2.01,1013.0,45.0,32.0,1636902880.0
belaya gora,RU,68.5333,146.4167,-22.03,1.4,1014.0,100.0,96.0,1636902882.0
yuzhno-kurilsk,RU,44.0306,145.8556,11.23,8.27,1007.0,86.0,99.0,1636902883.0
polovinnoye,RU,54.7914,65.9864,-3.41,4.81,1010.0,95.0,100.0,1636902886.0
bowen,AU,-20.0167,148.2333,23.6,3.43,1012.0,67.0,63.0,1636902887.0
ostrovnoy,RU,68.0531,39.5131,-1.27,12.15,1022.0,59.0,100.0,1636902888.0
comodoro rivadavia,AR,-45.8667,-67.5,18.92,13.38,999.0,16.0,20.0,1636902890.0
dordrecht,NL,51.81,4.6736,10.48,1.79,1025.0,89.0,63.0,1636902891.0
iqaluit,CA,63.7506,-68.5145,-16.28,3.58,1014.0,71.0,34.0,1636902892.0
nizhnetroitskiy,RU,54.3385,53.6833,-9.47,2.63,1026.0,96.0,93.0,1636902894.0
saint george,US,37.1041,-113.5841,7.31,0.0,1027.0,57.0,1.0,1636902895.0
gisborne,NZ,-38.6533,178.0042,18.86,5.02,1001.0,69.0,0.0,1636902897.0
datong,CN,40.0936,113.2914,-2.8,0.47,1026.0,84.0,90.0,1636902898.0
jibuti,DJ,11.5,42.5,26.68,8.82,1013.0,55.0,41.0,1636902899.0
sola,VU,-13.8833,167.55,27.43,5.0,1009.0,76.0,98.0,1636902901.0
abashiri,JP,44.0213,144.2697,8.51,4.27,1008.0,86.0,53.0,1636902902.0
byron bay,AU,-28.65,153.6167,14.73,3.36,1010.0,56.0,0.0,1636902857.0
muravlenko,RU,63.7898,74.523,-14.75,2.91,1010.0,96.0,100.0,1636902906.0
orlik,RU,52.5178,99.825,-12.29,1.42,1026.0,91.0,40.0,1636902907.0
billings,US,45.7833,-108.5007,4.39,1.54,1014.0,89.0,90.0,1636902789.0
ishigaki,JP,24.3448,124.1572,22.57,8.4,1018.0,69.0,99.0,1636902911.0
zhob,PK,31.3411,69.4481,12.74,2.64,1016.0,16.0,0.0,1636902912.0
pilar,BR,-9.5972,-35.9567,31.96,6.04,1011.0,43.0,12.0,1636902914.0
aksarka,RU,66.5606,67.7975,-15.13,3.2,1009.0,88.0,51.0,1636902915.0
gurupa,BR,-1.405,-51.64,35.07,1.87,1009.0,39.0,49.0,1636902916.0
bilma,NE,18.6853,12.9164,33.55,3.33,1010.0,10.0,68.0,1636902918.0
mastic beach,US,40.7668,-72.8521,7.61,0.89,1015.0,70.0,1.0,1636902919.0
zheleznodorozhnyy,RU,55.7503,38.0042,1.26,2.76,1027.0,98.0,100.0,1636902920.0
sao joao da barra,BR,-21.6403,-41.0511,24.05,4.0,1019.0,59.0,74.0,1636902623.0
berezovyy,RU,51.6667,135.7,-11.5,2.14,1008.0,87.0,16.0,1636902923.0
chaoyang,CN,41.5703,120.4586,1.13,2.1,1024.0,74.0,3.0,1636902924.0
lokosovo,RU,61.1333,74.8167,-15.92,2.87,1011.0,85.0,99.0,1636902926.0
mudigere,IN,13.1333,75.6333,19.86,0.72,1009.0,99.0,100.0,1636902927.0
inuvik,CA,68.3499,-133.7218,-13.03,3.09,1018.0,85.0,75.0,1636902929.0
chifeng,CN,42.2683,118.9636,-2.84,1.21,1026.0,86.0,7.0,1636902930.0
aswan,EG,24.0934,32.907,28.87,4.38,1012.0,32.0,0.0,1636902933.0
ojinaga,MX,29.5667,-104.4167,13.53,0.0,1025.0,44.0,1.0,1636902934.0
trinidad,BO,-14.8333,-64.9,28.99,5.14,1009.0,79.0,75.0,1636902935.0
kaliua,TZ,-5.0606,31.7936,33.15,1.21,1004.0,20.0,100.0,1636902937.0
auki,SB,-8.7676,160.7034,25.39,1.74,1008.0,87.0,95.0,1636902938.0
okakarara,NA,-20.5833,17.4333,32.35,3.77,1008.0,22.0,87.0,1636902939.0
yagodnoye,RU,62.55,149.6667,-12.28,1.12,1009.0,96.0,100.0,1636902941.0
balabac,PH,7.9868,117.0645,26.68,0.35,1010.0,81.0,82.0,1636902942.0
cap-aux-meules,CA,47.3821,-61.8597,9.01,8.23,992.0,93.0,90.0,1636902944.0
praia da vitoria,PT,38.7333,-27.0667,18.14,9.91,1015.0,88.0,40.0,1636902945.0
guiyang,CN,26.5833,106.7167,11.27,2.0,1022.0,71.0,90.0,1636902947.0
miraflores,MX,19.2167,-98.8083,9.77,1.58,1024.0,58.0,0.0,1636902948.0
superior,US,46.7208,-92.1041,-1.19,3.6,1014.0,81.0,90.0,1636902949.0
aripuana,BR,-9.1667,-60.6333,23.98,1.48,1013.0,92.0,100.0,1636902951.0
santa vitoria do palmar,BR,-33.5189,-53.3681,24.86,3.47,1012.0,58.0,100.0,1636902952.0
bow island,CA,49.8668,-111.3684,1.93,4.12,1007.0,93.0,100.0,1636902902.0
krasnovishersk,RU,60.4078,57.082,-11.5,0.59,1022.0,99.0,96.0,1636902955.0
matara,LK,5.9485,80.5353,26.49,5.14,1011.0,84.0,89.0,1636902956.0
blagoyevo,RU,63.3667,47.9167,-4.79,3.24,1017.0,93.0,100.0,1636902957.0
kushima,JP,31.4583,131.2333,10.62,2.29,1020.0,82.0,0.0,1636902959.0
pangody,RU,65.85,74.4859,-22.6,2.46,1009.0,100.0,65.0,1636902960.0
susanville,US,40.4163,-120.653,0.91,1.54,1027.0,100.0,1.0,1636902961.0
ripky,UA,51.801,31.0838,2.84,2.62,1027.0,74.0,52.0,1636902963.0
moerai,PF,-22.4333,-151.3333,23.85,5.75,1012.0,79.0,100.0,1636902964.0
batticaloa,LK,7.7102,81.6924,27.24,2.36,1010.0,76.0,96.0,1636902841.0
dafeng,CN,23.4517,108.5881,19.45,0.85,1018.0,58.0,100.0,1636902907.0
baruun-urt,MN,46.6806,113.2792,-4.25,3.62,1024.0,56.0,12.0,1636902970.0
beringovskiy,RU,63.05,179.3167,-1.38,3.91,1012.0,99.0,100.0,1636902972.0
tagab,AF,34.855,69.6492,10.47,3.49,1020.0,32.0,0.0,1636902973.0
mayo,US,38.8876,-76.5119,6.8,0.89,1010.0,63.0,1.0,1636902974.0
taoudenni,ML,22.6783,-3.9836,32.19,2.69,1011.0,14.0,23.0,1636902976.0
tete,MZ,-16.1564,33.5867,36.33,2.1,1006.0,30.0,80.0,1636902977.0
mackay,AU,-21.15,149.2,21.69,0.74,1012.0,63.0,0.0,1636902879.0
veraval,IN,20.9,70.3667,26.63,4.16,1010.0,36.0,19.0,1636902980.0
maceio,BR,-9.6658,-35.7353,32.69,5.14,1012.0,55.0,75.0,1636902867.0
dukat,RU,62.55,155.55,-7.29,1.91,1005.0,96.0,100.0,1636902982.0
ulladulla,AU,-35.35,150.4667,13.05,5.99,1003.0,56.0,3.0,1636902984.0
yanai,JP,33.9667,132.1167,11.11,1.68,1020.0,79.0,2.0,1636902985.0
flinders,AU,-34.5833,150.8552,13.23,0.89,998.0,64.0,1.0,1636902987.0
eyl,SO,7.9803,49.8164,26.37,8.27,1013.0,69.0,48.0,1636902988.0
aden,YE,12.7794,45.0367,27.58,6.83,1013.0,65.0,0.0,1636902989.0
shieli,KZ,44.1667,66.75,4.7,6.38,1024.0,61.0,92.0,1636902992.0
birjand,IR,32.8663,59.2211,11.26,6.17,1025.0,35.0,0.0,1636902993.0
rioja,AR,-29.4111,-66.8507,23.73,4.52,1014.0,41.0,36.0,1636902996.0
waingapu,ID,-9.6567,120.2641,25.12,3.25,1011.0,83.0,100.0,1636902998.0
timberlake,US,37.3207,-79.2575,5.0,1.34,1016.0,66.0,1.0,1636902701.0
coos bay,US,43.3665,-124.2179,14.06,2.06,1023.0,100.0,90.0,1636903001.0
nara,JP,34.6851,135.8049,10.21,0.85,1019.0,75.0,3.0,1636902827.0
havre-saint-pierre,CA,50.2334,-63.5986,0.43,2.57,1001.0,86.0,90.0,1636903003.0
margate,GB,51.3813,1.3862,11.64,0.45,1023.0,87.0,19.0,1636903005.0
camocim,BR,-2.9022,-40.8411,29.56,6.63,1009.0,65.0,73.0,1636903006.0
bani,DO,18.2833,-70.3333,29.84,4.55,1016.0,60.0,26.0,1636903007.0
husavik,IS,66.0449,-17.3389,6.95,6.61,988.0,74.0,78.0,1636903009.0
kishi,NG,9.0833,3.85,34.91,2.15,1007.0,23.0,100.0,1636903010.0
puri,IN,19.8,85.85,24.29,4.79,1011.0,88.0,38.0,1636903011.0
kushiro,JP,42.975,144.3747,9.99,5.13,1008.0,90.0,48.0,1636903013.0
barrhead,GB,55.7992,-4.3929,10.49,0.45,1024.0,92.0,90.0,1636903014.0
arawa,PG,-6.2132,155.5367,24.88,1.2,1008.0,90.0,37.0,1636903016.0
waipawa,NZ,-41.4122,175.5153,12.82,8.14,994.0,77.0,17.0,1636903017.0
ukiah,US,39.1502,-123.2078,9.95,0.0,1023.0,93.0,1.0,1636902860.0
le havre,FR,49.4938,0.1077,12.51,4.63,1022.0,87.0,0.0,1636903020.0
vila,PT,42.0304,-8.1588,14.28,2.09,1019.0,49.0,10.0,1636903021.0
dolores,AR,-36.3132,-57.6792,25.74,7.34,1010.0,26.0,36.0,1636903022.0
lanzhou,CN,36.0564,103.7922,-2.4,1.36,1024.0,35.0,18.0,1636903024.0
gola gokarannath,IN,28.0833,80.4667,19.63,1.58,1012.0,52.0,0.0,1636903026.0
amahai,ID,-3.3333,128.9167,26.17,1.75,1009.0,85.0,100.0,1636903028.0
pochutla,MX,15.7432,-96.4661,28.34,1.07,1014.0,48.0,7.0,1636903029.0
riyadh,SA,24.6877,46.7219,24.08,1.9,1018.0,26.0,6.0,1636902774.0
tomatlan,MX,19.9333,-105.25,24.32,1.29,1015.0,53.0,8.0,1636903031.0
mayumba,GA,-3.432,10.6554,24.63,1.3,1009.0,88.0,100.0,1636903033.0
bitung,ID,1.4451,125.1824,25.47,1.93,1010.0,83.0,68.0,1636903034.0
salinas,US,36.6777,-121.6555,12.42,6.17,1020.0,60.0,1.0,1636903036.0
khani,GE,41.9563,42.9566,9.76,2.32,1022.0,49.0,25.0,1636903037.0
krusevac,RS,43.58,21.3339,11.2,2.12,1020.0,72.0,97.0,1636903038.0
zonguldak,TR,41.25,31.8333,8.74,0.13,1021.0,57.0,96.0,1636903040.0
quatre cocos,MU,-20.2078,57.7625,25.61,5.99,1019.0,66.0,91.0,1636903041.0
lakatoro,VU,-16.0999,167.4164,26.59,3.25,1010.0,80.0,88.0,1636903042.0
mezen,RU,65.8522,44.24,-4.4,2.88,1017.0,73.0,100.0,1636903044.0
kaeo,NZ,-35.1,173.7833,17.96,5.79,1008.0,89.0,66.0,1636903045.0
ust-maya,RU,60.4167,134.5333,-20.34,1.95,1018.0,94.0,100.0,1636903047.0
trincomalee,LK,8.5711,81.2335,27.14,8.06,1009.0,76.0,100.0,1636903048.0
monte carmelo,BR,-18.7247,-47.4986,24.41,4.8,1014.0,59.0,100.0,1636903049.0
garmsar,IR,35.2182,52.3409,14.11,1.03,1025.0,41.0,5.0,1636903051.0
vrangel,RU,42.7297,133.0839,3.89,2.49,1015.0,70.0,22.0,1636903052.0
gazojak,TM,41.1875,61.4036,5.67,3.41,1030.0,55.0,5.0,1636903053.0
khuzdar,PK,27.7384,66.6434,14.9,5.01,1017.0,20.0,0.0,1636903055.0
saint-joseph,RE,-21.3667,55.6167,24.68,3.55,1019.0,78.0,46.0,1636903056.0
bartica,GY,6.4,-58.6167,26.18,1.68,1012.0,72.0,72.0,1636903058.0
mumbwa,ZM,-14.9783,27.0619,31.12,4.42,1007.0,28.0,67.0,1636903059.0
port augusta,AU,-32.5,137.7667,13.17,5.26,1018.0,57.0,0.0,1636903060.0
mehamn,NO,71.0357,27.8492,-0.9,6.85,1028.0,64.0,100.0,1636903062.0
impfondo,CG,1.6381,18.0667,28.02,0.28,1007.0,66.0,78.0,1636903063.0
kachiry,KZ,53.0675,76.1036,-1.34,5.71,1007.0,93.0,100.0,1636903066.0
concarneau,FR,47.875,-3.9225,13.41,4.75,1023.0,65.0,100.0,1636903067.0
ishinomaki,JP,38.4167,141.3,11.57,4.06,1015.0,72.0,14.0,1636903068.0
biak,ID,-0.9131,122.8766,24.51,1.39,1010.0,84.0,100.0,1636903070.0
lagoa vermelha,BR,-28.2086,-51.5258,24.77,1.44,1015.0,41.0,9.0,1636903071.0
zhangye,CN,38.9342,100.4517,1.61,3.03,1023.0,31.0,3.0,1636903072.0
west plains,US,36.7281,-91.8524,8.16,2.24,1017.0,66.0,40.0,1636903074.0
gao,ML,16.6362,1.637,35.72,2.85,1008.0,9.0,26.0,1636903075.0
